Cement,Slag,Fly Ash,Water,Superplasticizer,Coarse Aggregate,Fine Aggregate,Age,Compressive Strength
287.27005942368123,209.44851420592354,37.02658576772393,187.48063206770834,7.851170512077179,1131.0075688425213,701.8108982626694,365,114.21565525404898
575.3571532049581,160.8289099032361,108.38018947567163,182.29364409186502,7.409363972159994,1105.811117861887,739.0044191574117,365,135.31704271593935
465.99697090570254,92.85828488589833,174.58916717528166,123.33346855483664,27.1876374156311,1029.4115805822294,575.1403696377497,180,110.75457492901288
399.3292420985183,244.1385059120846,146.44497728191223,164.36221759140034,7.486385995485183,1182.4188574447733,687.4622298820997,1,92.06859313613488
178.00932022121827,205.41935176616377,161.31222957228994,169.42543044216143,8.15849178385893,880.1898062113611,671.5237949431246,7,63.24604103409008
177.99726016810132,48.78508180346739,131.75667334214347,171.84696151659705,22.78194787253891,843.7056841238485,749.8491130364813,7,55.05737875388372
129.04180608409973,273.2781553481527,138.4553129035705,195.4224079995532,13.4921952735162,1141.584786782169,771.8261181443781,14,76.82650130925788
533.0880728874677,246.7611728769507,169.83913031306386,189.3683310744942,23.301316708655435,975.6599266534993,503.64703144321606,28,103.17473938479763
400.5575058716044,284.9399739875772,49.93360177183719,199.0276620631478,1.9609847269315572,1138.7875416828242,702.2059757176378,3,88.17254033787242
454.03628889802275,217.715852516508,97.88499272862809,219.43482400047668,14.62713581020153,1157.236082078166,515.5507397359187,1,84.37149925020628
110.29224714790122,184.02455878073695,44.241888363920445,225.68814603309215,1.008408005498479,824.9830374476286,664.6575995232067,180,50.81038698965992
584.9549260809972,125.47291088718566,197.5336015993294,213.35599990944428,1.8795961036606357,1153.3859051944241,586.2898187131035,180,121.91062894962737
516.2213204002109,279.818545006204,188.81186793732266,244.21808047414152,27.193123600332328,979.3276221477688,592.0329798566423,180,110.51733528963479
206.16955533913807,259.8191668501225,7.88536227370118,122.37023574792701,4.177361133527855,1004.172995601693,605.887551035707,1,63.222658815128156
190.9124836035503,13.565601031856822,141.11503450313768,145.45113813886098,15.972620468256514,1050.637004437284,686.387734714883,365,92.46881080573806
191.7022549267169,7.910092349175601,185.04966348313317,120.98317374715847,12.332868078021196,1170.5530426920348,600.2149897006308,180,94.66101681079502
252.12112147976887,112.93901006341488,36.11506902546671,204.1717128400984,10.42029978776528,807.6464377719057,719.8097151770842,180,79.44147423489973
362.37821581611894,243.16599923454987,113.5890461105259,236.7439713634983,26.995000370618175,990.7373873271268,621.3582156721609,28,84.59110030918472
315.9725093210579,296.18283879448336,183.09765951760838,151.6526985549189,0.654701903264685,1075.0888169722243,520.5059600929876,90,99.65744206482941
245.61457009902097,45.12506733105845,6.789195717159768,240.51449082351985,19.913690585267673,1089.0827830792914,735.1279527452322,90,60.638447284442265
405.92644736118973,178.23921460564054,139.484053449368,127.83476073764291,28.901833026406514,1077.0129726148432,585.7274973778118,14,98.05155622110831
169.7469303260209,114.26725698930646,59.469801474510156,241.47668348471686,16.805045503855258,853.7740517632487,629.8300638797788,14,49.26325152752873
246.07232426760908,290.97431934438094,184.8792390753061,165.71094934115246,28.104673860992754,919.7582353486725,705.6331649665705,180,103.34581401679664
283.18092164684583,252.6356769407126,194.21164903307354,133.18470769839814,1.567736378580713,943.4862101668054,599.7368471446136,28,90.22705922208802
328.03499210851794,251.49861141334137,188.85329782268678,183.16332869422234,12.563799572224841,1121.774883071802,516.9756968440147,180,106.0650833286696
492.5879806965068,140.6079479384911,94.84284333149276,153.38095380366605,7.804733728861535,911.5039489658212,612.1763141038441,14,91.6576516578156
199.83689107917985,124.44585070129955,172.4085301978627,157.03347725504997,21.924628949421894,884.2819855468813,783.3345748082911,1,63.1080661403586
357.1172192068058,82.02212157921187,168.90987970701408,159.94769544041725,29.4389127149174,1182.9792076152385,692.5203191895674,1,84.46344873847671
396.2072844310212,16.912648995278133,63.82009464865113,224.39336671824623,7.6959018733274345,803.5453140453876,701.4437446001621,365,101.52215250641139
123.22520635999886,259.416712876516,165.78309483013547,190.09096596778306,19.625238044222233,1199.1283422727913,689.6846460912919,3,71.05591134893481
403.7724259507192,243.87030273902326,7.401526943098524,160.47000089028046,5.942928982792203,1070.728519542958,559.697641687831,90,82.99433136150046
185.26206184364577,299.91530198583916,119.2539756964106,199.3433918304194,16.959907637148298,1131.3877197796469,625.5001592306841,28,85.56540231380694
132.52579649263976,298.9910511221716,46.00176745754061,213.09958764901518,13.917974600650085,917.8477585384773,725.2819395089955,7,65.55526746791648
574.4427686266666,166.62951168078823,24.113377155455762,155.4411200953594,29.16015988894611,805.726111066824,530.4118692659478,90,104.89790111902579
582.8160165372797,230.69622455415316,15.390640325841831,173.7613831982957,18.255818180893996,1095.147807424612,583.3558328269137,7,101.10782612427809
504.19867405823055,283.4297189647284,139.25775517562795,135.84519213380318,10.485191162604563,1133.6578388002704,582.8957325397561,3,104.96780298086242
252.30688458668536,254.89421720322343,67.97499275361322,143.54941543950844,3.422873546638001,1096.1904527814077,629.6056782783518,3,68.28665738961708
148.83605700319194,74.2044305229593,144.9533543057523,208.54532101544777,4.537404862048037,857.1401149203355,794.1106222826555,180,72.3179408785243
442.11651325607846,135.16324059302806,13.071268159788474,143.5869852004315,6.759507898537053,1101.3711689027878,520.2507640051466,14,82.07345388904123
320.0762468698007,38.747824545448495,63.05806756612207,188.27123987671783,7.5289998402089395,1107.5691128430565,655.6102983141785,3,60.71406975066377
161.0191174223894,286.2153081776167,107.89825847506745,212.17601402391625,25.518481735234133,1063.416206268022,553.8094046036631,3,65.94865881920283
347.5884550556351,181.852390335264,158.14463296779272,133.8940000023167,16.83668364847575,1106.4463731182345,791.2029636229232,7,93.36612718651067
117.1942605576092,68.59284165103881,63.750500586413985,193.75058855175746,15.701727341230994,1138.3685758710928,533.9910514182393,14,37.89996683404952
554.660201039391,201.510205321757,125.17827528740182,153.3531618811773,3.443066156076524,1045.4416456949834,621.0803007084774,3,98.26368680212269
229.38999080000846,185.43847213736876,177.1955496472374,245.18049378088537,25.80419080048305,835.4418855878716,721.3654954503818,90,75.44278472796235
431.261142176991,107.44881540985214,123.17263763646092,182.86093407359022,21.68442909625451,995.0511238668844,711.3663284082336,365,134.0091013323933
255.85553804470547,34.0672776598887,46.591894950726754,224.77903147077055,2.0300508570000475,831.0597338686421,626.8185910681797,3,51.48255601984124
360.0340105889054,201.4719586778399,4.880156311307604,191.52945048031404,21.23505291689306,963.0172124129723,603.9572503858154,365,102.544918393862
373.35513967163985,156.092310271138,174.01977478018597,125.64362927112649,16.30614652027938,962.842595650251,619.2837135658611,14,92.1967974447687
192.42722776276352,231.6955175206918,4.253882170077428,202.3096788272229,2.4517603724033474,826.4039376560967,579.2828789475918,180,59.60089334937707
584.7923138822794,156.04905033359802,174.94033453683988,243.68243448686542,13.749019245859694,939.5282135877917,561.5998816120399,28,105.63473240226173
487.5664116805573,255.65445009556203,105.7874268054424,198.20953661902305,14.540888613901409,844.399239516526,644.9119092676669,14,91.27561715174437
569.7494707820945,165.57205163234568,187.81353970257925,226.49455172548272,4.973236204898273,1123.2940840036888,580.5601268202822,7,101.3900850829347
547.4136752138245,168.28139146061588,159.7566471547331,234.946840235293,28.37094441000847,1179.0752103857883,586.238499469175,28,111.8144864879248
398.94998940554257,262.9960807975035,199.58682210666748,149.6503703533612,25.499261144419858,828.9265901031754,697.0268190423672,90,100.1972216589245
560.9371175115584,121.04485986371911,70.14236309034203,147.56582918806947,20.07067011987325,1182.0460829166805,790.5611995099677,1,99.73695456766251
144.24625102595974,40.20456853519222,153.43765778622537,199.42752855062892,13.868866830018217,1009.0306397346981,681.0911601678125,365,88.19041162434301
197.9914312095726,8.634802894001691,80.38618272184843,173.4337010748716,12.352966247535255,919.8262711815496,523.0938401194899,365,90.23504810201634
122.61364445526903,226.5411767020857,95.97512406078177,229.18196937267365,19.529204014528624,830.7448301104654,522.6750841562201,365,77.07638396748945
262.66516538163216,186.0928654060394,125.50109264367401,237.00300604174146,16.362956082207162,1000.2497072281672,785.4269662536698,14,59.47561216824509
294.338644844741,211.22393042976708,174.73542283726775,165.94477930935335,1.8681931764565685,1117.8062177962995,589.1872370922001,365,113.60054407176123
235.67451588694794,63.88924845267322,196.81669383985903,150.79317266668266,15.375079463109952,1082.8345909066793,527.6200958247426,180,89.79464335183643
514.3687545759647,40.91144267603093,153.65468277290364,221.46831698170203,24.192108516985186,820.0904045855895,679.7133761451145,365,130.65374985512153
278.37666334679466,4.363399700364578,83.55335643346675,155.7247846212577,13.777196327908742,829.1607341471614,687.0946334870798,7,59.782274643050144
240.46725484369037,105.1762676419791,84.27140045541404,226.9398614067782,1.5586973266280524,961.1493130530548,694.5514460356064,90,64.36348405767961
371.34804157912424,176.9753060563899,147.5164603177783,175.08597297433917,23.588345981520995,918.1161976191773,580.2206083572623,365,125.05895891571363
170.46211248738132,117.67321352991969,47.755429153660465,206.78148690789118,6.040913464079232,892.9537292224192,504.5332052643425,365,71.08477795007646
501.09849037701986,131.24247660711873,22.094822626278933,132.41959079850687,7.758625046641163,912.4017995634854,789.5046108363415,28,91.96733863779004
137.2753218398854,271.2476083481245,70.92443152815531,201.1017122079545,4.941190602968877,1121.393097318754,575.2679137073308,90,66.79274275954333
593.4434683002587,104.4766401069901,57.44779833081635,178.72979823583978,9.906451946144927,1171.6912214527415,702.8078864157642,365,139.53658587684725
486.1223846483287,154.19684674794323,59.261624091198016,196.25910021281163,22.70254517065905,962.0410778110265,711.9889609636128,14,88.76163242489528
199.3578407670862,235.09590382234293,46.721550209981984,141.84184700683224,15.58157578511812,1162.4444008529988,683.0022251238457,3,70.9412150083061
102.7610585618012,118.96283469638105,8.418637927272377,215.79358684274368,6.1464382245213764,928.5982804991528,593.8722182640945,180,42.725848334233966
507.7307142274171,186.62601006836204,3.574786946682762,232.1636200806197,26.334902344561225,990.5747945375167,581.3288761292197,14,82.40861798784798
453.42867192380857,258.70911262402353,197.5444779472063,148.17617401180084,26.387455648545874,890.4115991263999,679.300484810811,1,106.08462357827624
464.50358402049363,284.85618709729266,85.55462674717246,132.44289221762102,26.117352751380206,1056.1904168703377,759.8286900835075,14,101.71722967072101
485.63517334297285,44.12204427871138,76.86532943193633,123.07301618602374,7.163886341446179,1191.5924460699234,784.0201186770187,28,98.18450217153274
137.0223258670452,277.97628754844834,135.92945653861398,203.45629505762457,13.537180325429643,1041.3972384173514,531.7717413211273,28,65.36250089430023
279.23286427213634,147.63488792386147,43.65077757301283,198.9222246915415,29.54968968422625,943.1256336454196,546.448583779316,365,98.39996939703857
157.93452976256486,77.4733164896875,189.99223679004507,191.0706636528291,23.16037428929971,1059.1269783962114,783.420877634924,14,69.25048189363244
531.5517129377968,137.7407268714784,157.2690028831104,150.15312249507681,0.8150226367667945,849.1682713861551,720.9605685004378,28,95.80031222323171
411.64906341377895,294.00977258564313,17.8822004624519,170.81777946771692,1.9561377378147615,1155.4636321061594,764.8981474489319,3,89.1661148602882
265.4490124263246,147.78542819786088,83.51615515698568,197.2819235742025,13.917941304369982,1001.2335803119345,560.789790240603,90,75.68078404985519
131.77917514301183,98.62548308625246,175.82366151243295,184.57969165169203,27.276606175846805,979.7398968158568,676.2757613328206,14,63.17372945866203
255.4911608578311,190.02025629501773,188.94640445828205,248.41211762793534,16.161053938581425,1034.3459153814076,710.3418783252421,180,88.70013689966095
262.5916610133735,72.04368563345793,93.48030224997395,137.7371678323753,14.934375241028707,1049.913545115761,704.0335656340918,3,71.91323305491608
464.80308916903203,22.758998432599174,122.68227784214154,210.36879202618718,3.1642109986989175,828.7103224906052,622.4455072600094,365,115.32997774592336
418.77873567760656,38.66391657319477,33.40678921841504,172.56143985355797,19.70340314172882,1073.046888489361,504.61846750739255,90,71.63509548389219
543.6063712881632,38.41375168733173,198.2337252273953,175.6659499403299,24.663094818006766,896.7726721262118,674.877817041279,180,123.01418672601763
336.10746258097464,45.5708080536883,46.33434027668868,213.2877095355629,11.41260022522687,1085.581053002636,575.9304617538826,365,98.16045498161427
159.79712296915085,41.64815179482304,188.54635482702514,210.01669967216804,23.268355527759823,1129.0139177536787,635.0762738428671,180,80.87271609288726
456.6223936114975,192.26242344096437,129.9293297984737,248.86327918128447,28.934299617024347,1121.583403021008,787.2743045251452,365,138.7843430223939
480.39252430844874,54.56402531974345,121.54735897577183,136.69125762903627,6.112993773830673,1021.0003869631556,619.7105952927304,180,99.716024081472
380.6385987847481,103.70018499715896,102.53770220330172,133.53425441994162,15.699888935842239,1008.0679569243005,751.9404819993281,90,91.05611430246512
485.4835899772805,269.03652297180355,46.13396234355174,214.16404622673633,8.614138742537266,857.1503845357647,556.5621817247753,3,82.51639622381543
346.8977981821954,142.1884920788617,35.305606401101656,195.1902992108332,23.78563257101518,1110.1384601612542,701.7381494075087,180,90.74864552740434
361.36641469099703,200.26732155630816,44.09724181403507,155.64088665277475,17.327800976434727,908.5637521786857,793.102086331683,180,108.89012424967079
313.7705091792748,51.69596136048895,37.287652428850905,130.32451796856827,19.037472526509113,998.6781691271786,530.5679302618811,7,62.26025854505391
112.7095633720476,57.68670564260123,155.91689471335067,131.13557244753596,23.93742478847682,913.7096371710066,502.4959826681576,14,51.33745173719239
153.94571349665222,12.260584879943659,70.02505183334603,236.24481370633538,11.879114179873646,853.5313451998773,630.0748377897843,90,50.38040915717049
115.71459284336713,50.680518921649366,11.568535312679273,144.94275221343656,27.452702052211297,1051.8230787566947,527.7876449154102,365,76.16974622788982
418.2052056318902,83.57710170958758,193.82052602816228,162.0383030750177,15.9908660173842,821.7328139291616,724.5153049028694,90,94.99363329500319
257.17799053816333,53.10314528302405,176.75717699268515,149.46533228950844,4.73864468506044,1099.45809365048,774.3645991545677,28,79.34382721520443
354.2853455823514,26.610760127116684,185.55045663904258,166.14951975815185,20.876973545064075,927.0347181044467,630.2062918126277,365,112.91361875223983
553.7832369630465,36.190761330180244,198.98156452928706,129.02509955699213,23.797840513147634,800.0538772017941,577.6134926466323,90,107.41667944686903
224.6461145744375,138.23363040981772,34.77904984389746,187.47777281807515,9.5028503120258,1004.4516556948919,630.320995701983,3,55.36517712668207
305.1914615178149,61.90011552173775,79.24840378053175,128.78963326698795,25.71537770996259,818.7407634110413,717.0343453550004,365,100.81493915610608
477.7755692715243,109.28095831442263,151.64769514081826,224.04634601690702,27.184297642972993,910.4678231283598,502.7162484741113,365,122.7689053234596
214.39908274581123,151.02518125645707,139.20412361075844,150.3825706483563,8.307134621334267,1082.7905949822864,676.8361968454092,90,88.10184042579962
138.4899549143965,207.1184485888096,30.779181267971012,190.2015488985864,29.505644181456663,825.0758486487464,683.9875054662137,365,90.65761582492107
244.87572645688402,11.793641952329681,163.16662499812355,234.41028138298958,4.221345841462752,1135.735396942401,691.3064740687806,7,63.8705878979761
180.61064362700222,239.82311967271278,44.888114367332136,204.61405797613526,6.060470052074699,801.5279690634333,572.6066239942631,14,56.109729601054084
564.8488261712865,188.37011684727233,44.76352296452462,189.2845122516736,5.526745177140784,898.7295476807609,714.215817013438,365,124.55383610358813
504.06018978220845,24.527709584661572,107.39488457868272,162.16338790499884,26.819691300236112,1096.3616224608286,527.4174458995329,14,99.20324272245963
416.70187825521174,262.07358723203316,118.58798696834063,163.29024869756574,19.628776569748855,926.5080598917227,559.7811009400402,90,99.27279990120086
535.7302950938588,276.261720159544,116.01724156756224,207.03330417576473,4.563128496668186,840.7569552264054,763.2410139963446,180,125.72893781222888
501.83603844955724,18.323387956459126,18.297367479550974,249.2381169587518,13.20970255105047,944.0935675201712,721.6169452179699,1,72.04869484917977
193.28502944301792,83.06329444416112,175.49217252607608,206.03909468041923,18.458940752094062,908.1573145538102,504.12366620340356,1,65.45194620928788
546.2794992449889,241.8603839379184,53.12000851774121,192.51184425810322,2.5039225496814987,1137.084760864222,574.51287811094,180,117.3920657177113
369.67112095782534,224.4779071150975,25.902984256560835,214.98456633110197,26.47249105222016,925.3391670340573,564.3219448979494,180,94.30159137033397
503.72007758203125,55.3563058069132,177.74961597379544,180.47672959688336,24.108106063246055,1115.572988710403,581.2418984110918,180,114.88461800991956
548.0456499617467,62.80479700101309,191.13029964595069,127.81850453810208,15.156203207299146,1156.7488579242938,574.2679310839659,3,103.55005810048615
259.0017374859319,111.1416308374146,172.42552345309014,193.09858606412826,29.013798457775113,973.5269678306119,518.7578887228537,1,75.01784904927221
155.02596226383838,145.3568955573064,161.90321494497562,244.49128698569945,12.532829378252991,1163.977257541757,637.6821549790461,180,78.16273811663883
213.96758127097084,185.4764314590888,131.04839612780435,142.78938250649574,29.523309571094934,950.9272215852772,719.8200424358495,3,65.40327592954243
313.5538943131281,110.67409187093172,110.17147412182786,209.70063580668653,20.03759996410881,1185.6313665960433,682.0195174152309,28,73.21984688751698
509.00738296124655,138.76041483994436,17.39735198228203,146.12137952567736,19.040138197618244,835.7158098102292,701.8615005794239,365,124.51582340697465
530.3652916281717,224.24128144012695,81.69064261413975,189.65759898150057,4.9786468588735495,1074.807706601297,524.3447535608717,3,94.86655132574784
103.47606526559535,11.00496086717937,74.5377034024628,132.56793845407356,26.45783274913932,997.5256161827715,785.4472130530362,1,54.132611552339924
355.37365128878287,75.73108330320622,51.95075675206524,178.54822171356406,12.824690637618454,955.0595221822589,751.5475501529074,90,87.98402355432246
308.7055015743895,214.00487576536574,144.684022737717,218.30123275638198,4.867002173474381,1053.0847514994402,741.5270955486988,28,71.55997592778839
211.0539052353651,268.5620513061598,99.17514701575416,165.18429815106768,0.3782255992727712,1081.5428366537326,746.8951415125302,1,73.19230530869278
159.9326836668414,153.50323263469983,16.209243181529587,206.43852418333836,16.792670509151478,801.7453078601236,779.8131524398284,365,78.48593379175098
268.807585701814,159.6340455795947,44.036640389962265,223.4084949026648,15.82198866368029,866.7812354988795,663.2761898341093,3,64.56921569940309
571.4548519562595,32.15160340193282,136.65175273191917,240.53311653232885,21.580608671074756,1085.2184202537273,560.0846053602878,7,92.12677346225874
261.60146601037764,134.2237100470364,15.226171898060038,150.50347064120896,26.707741590534063,1066.5541654312826,685.0350823557624,14,72.618620442483
359.395310871683,159.78517993650695,170.24138280975373,171.91106905521005,2.3821975392908854,1186.419002051471,722.8644481003817,365,120.16413954520982
451.50947944758894,72.7411510904189,99.02930540279486,139.81408173295426,21.94489471021087,1104.4151161003133,721.3752180062077,1,99.15079280136256
281.814801189647,80.7729692848143,96.1173154653296,249.02285528058877,5.622358322927466,1180.3090830925353,656.4347072500641,180,86.65883010756376
585.8910413604804,113.1852489313868,118.48155693190353,240.5101258301584,25.74531159471492,1081.0162006139228,520.5376158000735,3,98.90450182172104
581.2236474710556,6.0213593333179105,164.93619318502982,190.19442693647275,24.571905415849685,919.2208834557773,611.3338815290383,180,113.74464104564515
225.89114791268207,96.62374967495349,69.56184158043861,229.46432826893476,16.22381264956633,842.1459689003426,776.2299825390072,180,78.2063527346978
348.6242529461927,63.434402098963396,135.6032305118127,187.72453704536548,21.307283958699344,1112.7295453379743,675.3346729272278,180,93.75003361814453
250.43915490838484,98.24920565337439,113.1463927991582,201.06613944035877,9.430503395512451,1057.6596885903664,661.499582976714,180,86.95339234953437
242.4202471887338,35.92863954577537,53.40565403388426,131.58617617508216,14.135036967984439,819.2744049573184,580.656054314658,180,82.12953997833007
118.4434736772664,267.1581842219685,175.7259972710316,218.185154664585,24.64910693131415,944.0201863603913,610.5346759749737,28,70.32758220724628
404.78216698994845,178.07773606621458,159.48520432138562,136.60275287258054,13.777955915196417,1182.7199261937144,768.6038267459508,1,95.53793973525119
351.33951161443076,203.73069574334687,131.6903669316851,227.3887919328287,10.733947959763254,1000.1604582840805,699.9389142580508,365,117.8029610509434
125.73937562499468,236.7513715822015,170.11634581884837,221.66365139715015,14.826373417508997,973.0916544078818,736.2161080256999,1,56.734441530794115
239.32323211830573,149.53265967871718,173.45884019196046,212.13681070658694,24.84747757311655,983.0798420637176,636.3036269202966,365,109.66228287206165
554.1329429833269,26.076086426227107,141.67259534300695,124.70084946821908,10.056241421126181,883.5530896020655,689.0741658368474,14,100.66566445188167
219.78094533348622,161.13196254556433,167.4026656727344,159.40668627289273,5.212847794072314,947.4828683459181,574.5150826229623,3,57.17894206264771
172.44743604561154,176.05233540626375,139.49429233385672,154.20463408840956,21.360420609923423,947.9253023948706,711.6382490850459,7,62.946408534043215
344.7263801387815,223.631842255299,136.02815435206008,166.8177329712975,24.779346381242455,820.942008074989,628.2804001110012,28,83.43820925094298
592.8252270553003,129.4978638689038,123.72227564303687,131.393557079299,3.019124355706,1107.0270514071672,632.7636544444237,3,104.42946742455699
221.02763575575023,38.274090838669125,150.54332791152825,241.80451699403818,7.196223382678342,966.6017727615516,694.7966973730645,28,53.57793608765701
436.0677737029393,85.13277173961734,31.72102105861474,191.99429129260892,4.259159692829817,1128.8719547265694,780.8841864406779,365,120.02503440104772
480.8098076643588,108.92468891959052,176.17415183978568,159.71816038554306,10.438242347465,1140.139200447958,519.2019039825863,1,94.90581065298926
218.8187719961998,193.77517239948037,174.3687055490464,171.60759721965684,13.510529367162379,884.7976218794632,747.4229712041023,180,89.89723921770693
464.10817430592977,171.23349140067356,5.849456606911829,178.13633026562863,22.464790108899194,1062.9413928680515,587.7149331236579,14,82.135323913919
283.8915663596266,106.82901776935387,165.16335011295254,198.07726333688026,19.534427546450225,988.9127216651927,633.1758363519134,14,78.76981163062072
416.15291529678973,295.9545746378939,25.773973494689038,187.0383256005447,18.627857024352934,1152.062695168594,506.5739986325027,90,102.49521319081735
416.76485538044733,181.73244580706614,67.02377085182837,239.52095651787425,10.571248398289633,886.2962716705816,590.3138233502939,7,72.12487766094179
367.88734203737926,71.16803752079835,148.70165125832156,184.60525277775793,25.243426592542797,1071.1252801240178,650.7893727890391,14,80.32186896452572
145.14488502720417,30.534741786121124,32.15197920966164,248.98054192703066,14.138615021944936,1043.100848901089,516.8528232042318,180,58.02478378813804
517.6512477946189,45.85774175529961,163.59340482381245,230.68524450686243,29.373148140454635,918.1205910287331,647.3287188149495,1,89.0214867587239
260.3900324858679,73.78731851535244,166.42683559154838,147.10636686645364,19.024264148872106,854.6403614604691,778.1331886575282,7,73.85440803184
193.2592551999271,48.2044119778667,101.49354675216725,240.9773779037091,3.7879422469350823,1060.6559041909106,531.6179654323415,365,87.68001541403987
120.38757077738197,55.97010721539173,1.277174343366716,135.12763172511188,20.28532686226302,1095.4389832529323,729.3322184226513,3,42.715485257188824
395.4464715941209,85.52855060815413,57.407626634982556,226.26846210385492,9.75312046295097,926.2509375053401,622.9013160127978,365,111.99232553330447
438.7821809211412,52.01207858842645,123.38538367514845,169.4810281519554,20.589815900582924,1057.9330416089256,696.5521143573014,180,106.09390669130026
108.29391446392808,269.0296273879276,196.2372356054847,234.13666165785904,2.0892344448721722,958.0523630446013,578.0709793955688,180,72.15010418446703
356.0465291496405,24.07012369849266,126.36270540333368,232.84736971396853,5.246443115278781,1085.2827533130471,547.8476787624074,14,67.16996218208624
213.247887598969,157.3534168710764,51.96071621283196,224.77030201529075,25.67211776717359,879.6861099576213,548.138784281368,7,54.53254163325647
422.5863952047249,123.11904809689845,126.80114061992226,222.70395671991798,6.815386710705447,1156.0860010544698,521.1475836929434,1,71.03757358791269
187.18321450249573,294.7135850725819,107.9970759431711,159.6082880827453,25.1112337572882,914.9638385862319,555.6940114703729,365,112.21216797784066
445.46886905123296,33.611670650415704,155.96907903022873,130.5195067966628,8.378282653632313,947.1143951024612,699.2658154966905,90,97.50629248505658
293.36767315026873,119.35667971372249,21.396127765391682,172.387423239471,19.286457301761228,823.2367808321399,764.5071835530524,365,104.98358962095624
568.3649943683672,290.84112998261065,152.2055805004056,142.55818694824612,20.82451720529493,844.6048849285105,744.2377056773486,28,121.57017277795582
168.7604720729966,259.65213776819405,108.25331573522206,210.34364155732004,15.379642594351587,1006.3447610849312,705.5402929623452,28,62.6721151142271
270.53317552512925,245.12162128478397,192.59840077179894,164.9929644499121,9.159320300901939,907.0370706911885,533.1295590233308,1,78.02570125466531
156.73676062029455,77.37084811348196,68.37443320773721,246.82932611178893,6.379331291132884,1134.1920902968777,586.7562338887849,1,44.906272329635755
562.3468091392814,51.266276217019744,126.52437862678963,203.32637005489318,0.9956806368727866,805.8773554619816,592.9420625967407,28,92.52739061486182
538.6696766904905,200.5929659773293,186.4056211020035,226.9224732724669,9.118392037221714,951.6376194687745,574.9870839192863,90,95.26111779589937
228.9708138575778,278.8127967382757,20.50194559813585,137.2282074564403,19.59488371593849,934.9382187076371,654.5016979129169,7,69.75192137154747
429.99202301708954,167.02886790417892,187.44569744729023,232.06188269544094,28.14914455345448,807.7310523670404,660.6661444639018,28,87.2972249156219
508.6111001006079,171.48380684096995,137.57714446016266,239.95843476674128,26.136134467891562,849.747359600204,607.0657925513331,1,92.56448829827453
377.60040579973116,83.99372809808526,13.56741182103438,183.31804944646166,22.98194329605908,965.4570699674541,606.1367476209308,14,74.0838552806627
364.82528917800323,230.84787995758106,60.19271338936325,198.81288190762706,23.65342029759896,997.1458337789786,748.5666793718244,3,80.22585394246859
220.92614545022585,56.11312456725701,141.6344177290563,219.4252741173894,19.94954710427986,961.7158989019476,736.7878544959057,90,68.0256517979201
146.5513839029496,97.1037709212731,13.47012029375434,142.72902154385363,7.80860572698009,1012.3750713648376,592.3387495042236,180,66.06097184844596
548.6078789766634,127.63093158492504,116.43409203525465,185.33358994024752,27.215850921174894,1038.0526699622726,774.1365331619778,90,108.51114216592433
550.2090285816653,152.2831136053365,69.17661139059135,171.8261936104007,20.121969357175022,803.9695284511342,785.8445051007518,14,103.02036391768357
416.55072863663395,72.72291972452408,124.18310355349543,139.0286189810924,16.8132189294132,985.6380637814016,598.0227626090123,14,83.43179851769071
269.5148955243503,34.45104742176106,9.148406762502571,167.7794748978991,3.3296840764044324,1185.3996963550353,606.3274846379164,180,61.920886589977215
274.6047873063304,183.1860127324898,174.30736123047527,128.86240022011415,13.411666314192763,1007.6129120518194,651.6902460265876,365,115.52349123734523
462.9778394351197,86.58916597207673,194.6977938354794,123.3555479034333,13.81074813605779,1071.0169069835813,782.336243760102,1,96.94749995379108
548.5551299762885,174.37146642678368,193.7755710571383,137.57161759012695,25.9369082856801,924.7455431667532,762.8958299426935,28,107.34543522720472
543.5432121325587,46.308814582260695,149.93036634858495,245.2049645065926,16.399446605633653,1109.596551261105,530.770388775077,365,119.25628924473072
489.9377729288119,144.34203055644525,26.017248026126396,191.4388396663522,11.41201646911229,1109.168592750446,617.8192229814249,7,86.9643732066631
421.01582307714386,159.77682976547575,151.6526391858045,245.5568809499186,29.30400985531978,1008.5184190616555,666.0113569249315,90,102.71627326428717
142.06998249752442,15.547061046728071,4.917383291760302,176.22472418291716,3.32161779978947,1190.4055293116853,650.939741765462,180,64.79713896635904
180.81435704730688,100.98128345817618,4.424710305799451,160.53609730108374,12.676452849358338,850.2200859050613,558.1589203810678,90,52.84928477328499
549.2770942635395,40.324403081692274,64.72204382990824,185.79844216923175,1.2607402551421587,806.7790659558324,757.6450313504464,365,124.5071985615056
403.21452982979497,19.012491141830324,97.72863808093315,177.13651952227832,22.19712362300791,1108.0632847028385,703.0822348990512,14,80.73986655848901
104.59852580831482,296.98806971698355,154.08148356155863,133.7364089540267,27.542296565974517,1122.862214945953,751.372512455541,28,75.2299243396321
150.73577143301605,96.70615349241689,136.65907532130103,203.30742090972683,8.401119886514683,848.0828916482305,757.6292838048416,90,57.80937340088325
431.7508845540279,242.96233375639045,89.18054127534967,148.08496372624796,25.750250303973626,906.2331331834424,724.506756099722,7,86.6698173080936
102.53079192310935,76.39219642912916,54.72533325633317,200.54643413671783,8.766546913856933,807.0209453466516,631.7631803749152,14,38.15675277892794
180.40402570874932,204.45081666717877,199.42490003154222,204.52614201175993,27.323104849317456,917.3234443122259,683.1640265046274,7,71.65687314634853
374.3668946832931,228.06835796690598,85.2362604471946,139.76323090672426,22.61885710790352,1109.2567495674687,548.1096218359229,28,89.0946638433736
445.94759884634664,178.69162218235329,90.2774048659351,127.97545152438686,24.14720330524316,1007.1842110850316,702.0936252424723,90,102.56682221270349
425.9806297513003,141.47285656504752,32.72476423833383,221.49900618889717,0.540196668013635,939.2382372673153,553.7759767217842,3,65.31987188207266
212.1346547302799,123.55227424418057,158.96190974998586,179.77405509001161,28.884310712220778,948.6957179625322,708.1848771530471,365,109.67404223524616
456.08961067376794,104.66047996289859,138.73644515629772,127.56129341571186,21.800129762109698,800.5414502861872,568.8794482261906,90,90.2002115584041
218.62454374840001,278.8587432743478,44.15392255775208,249.33262123206973,9.142532861584,919.9202110260944,535.2653900450659,365,95.6145684824425
262.69984907963385,249.18582233631875,16.476209123168537,127.51147292952766,24.881839945765407,1058.5834966551722,549.5853470428872,28,70.10620606794842
473.24570255901205,289.5080731999538,136.0998604149426,210.3545797516119,8.445635952447898,1189.6777775265427,500.59764056572106,90,100.23703353604282
424.81644952360733,37.28916704566342,130.90224285622705,247.87826028424377,26.18261518698384,1138.8243307935597,715.621885356059,365,112.32673974271165
524.611705247089,219.26024256109326,54.65190539964186,151.09341354807032,3.3774117123581107,809.4379858582116,719.7203147175137,180,109.11118371362596
428.80644615017167,281.50213704631136,190.17271245008206,138.4924179293355,21.110579323823874,1159.4242418699357,654.4800049739779,365,147.61001104826437
384.1543016677358,54.36991984969804,30.21157835618005,135.78004212491575,16.22095429934731,1113.2793653194503,548.4088403166152,90,85.92651709217454
146.83738391404623,19.94888021003325,86.46696020852038,159.42576918378742,2.896034105863224,1112.1504494283922,525.0663012532069,1,52.546123489276596
283.85790152971674,222.33619478701772,188.72318403351977,133.13595543138408,7.2568148477651695,983.1983036014286,505.7386899311861,90,89.9605488093451
232.60118384086272,172.34193395397358,83.94546338522446,209.98097442023715,0.3721210883194437,959.2021171818011,549.7244530895662,90,60.18677057646674
221.9948216895418,252.54863302748163,127.70518953281712,128.09793375690816,14.063038963935174,921.166291533277,767.2566604949441,365,112.6181297037359
586.5052773762228,41.93171298788685,79.51887959255886,186.22487665947267,9.037957822800012,826.2779435817463,572.4610525105045,7,83.72143119166068
296.5488623333802,238.58019355796705,54.84304046973401,249.570591000887,17.950724528932763,891.2941453974796,606.2813981651647,3,72.01460574293307
546.0232775885567,60.48819601432336,196.79552959196565,225.81613503578245,8.917134231258515,898.6414539912098,531.6036453444,7,83.75755588242319
415.56931299863146,49.096782859711354,81.8668012630086,199.9785269700314,8.99757334520954,993.6308278840806,566.7083914244511,365,113.38603579005942
497.4056517708242,49.27973937929788,178.8198407358269,159.81297070225952,22.2957959619481,1098.9777626386776,655.7673712340616,7,103.21340827410332
351.31854655259605,244.37241606941464,45.990921178217235,201.106458717913,1.4442850793506035,989.5239313591786,682.3258049286958,14,85.57853404326752
388.45194231317953,199.55916620886003,42.62094080501666,188.51539030851472,27.086849855759617,823.1377797788642,573.6056942498633,1,73.86525060450856
346.25884690943195,156.9196274307358,6.226816576902272,175.3908399057483,25.567916231735445,1183.1159203952816,517.3196477675351,7,77.43357791558287
197.62149389902225,107.64914523705075,130.333365075177,136.99234897622594,20.034140496792194,1177.089727637645,617.3098607382196,180,98.78473194587123
461.2260576307527,263.16016224393246,73.70526874475223,235.25854798126068,17.796647103221527,1114.0758172593632,570.2610112779003,28,88.2797665684038
240.3861812204279,117.73353222679062,172.8716499679274,178.47200434677194,26.769074944189565,1196.5311606256882,565.8661769689406,180,84.33377215615359
112.15798321572692,244.97983184147313,94.64198133831144,145.30092653669945,5.559905385861433,1017.7929331201052,787.9588408140366,28,56.97220927884888
422.7361479535839,131.74047257106554,193.63868558294433,167.80871561404766,2.3690748657248584,1185.1073401012825,684.8901457777172,90,106.27687545840276
188.55533970352445,113.08332882747227,37.10510314062423,173.83686782876052,7.185305097286143,830.2420162467004,667.0635329516288,14,43.238164497916095
570.2292921764572,138.80393570088194,173.72463359112217,227.57992642369368,23.83734836100571,946.2722993045486,624.7325310569965,1,98.59075256548527
576.9642885012937,90.41336224924262,155.31937055834834,215.36986947298226,1.0401080017944997,890.1525072027064,628.6833000290433,180,112.91800002431644
557.4321951102243,224.28281405287532,154.1843689288104,220.0096361733742,17.484205052504688,878.333233653708,662.2715011514242,1,102.10702354708037
285.0793501277222,150.81611702774376,168.95664562337754,121.43406437572413,29.8631254857393,856.3211795570704,708.9289421108322,180,102.65512218027301
107.72830826443371,69.6638085440452,152.20479818859977,174.100019763369,25.670882815126184,1048.9654566263987,710.6438288545488,90,68.52660538597205
564.1592812938627,269.87237198237057,125.24406432628308,182.57473971259208,15.643370671307684,1112.528742298922,551.5081723116349,28,115.18947527049325
314.09207415865717,115.16736641196343,26.248975536477516,122.49499598699737,1.9092272785992703,1031.3193597681443,650.0338256229882,3,65.25306986113593
583.3274095218349,163.06585833419658,6.505235898250383,153.77571713685444,24.941205431571294,858.7850838352839,623.5874285102306,14,93.5259329368567
581.8099885446264,271.94163328936406,184.16956956313737,218.83767700587754,17.969355245316315,1124.4495079733883,761.1580898808153,180,130.21724290648163
526.50472773368,187.27139877419762,123.33006290414761,137.82426174476987,3.4479899117870048,1054.3818828654914,689.4256763655129,180,124.23217116573231
247.22444603479283,35.06941221250922,159.30745819523526,189.5903170888369,2.815718544700686,955.2662824507981,659.7512199247946,90,75.42321081833951
292.54886430096263,281.94963708404254,96.30447030251001,147.97624336224087,27.28880458309777,1069.6521182144252,534.6183926536752,14,84.80106339360569
525.5683357584285,188.31241592142536,23.461637792478896,121.57570070370612,20.076007888142353,903.9619916971332,681.6913667970234,28,105.15136371102264
258.46100257813885,100.47168439712584,25.037158440510087,151.35618948794038,24.878603979502667,938.0768833976842,535.1611717040701,28,57.21567968756508
184.74637334304623,41.78162179901618,137.11305744579428,246.863588138307,26.36936700846802,1166.994337252796,601.1619726697256,180,83.39728527899345
378.4006312291751,238.20755678108878,86.06117897989253,224.19982454478864,17.153170561449667,916.2018022685681,542.8525894442996,3,83.79517847653291
568.0773870803905,186.02182677855404,40.104945340067346,244.74496376173434,15.523390552651238,987.9953072631747,707.6220941073107,3,97.40793618507453
448.0148983374865,160.03832759289645,98.31890934828738,183.4210257104271,12.912822309629705,1156.056454958406,561.8756341508458,1,96.58100494041416
385.0305850446825,268.1677749152873,12.841787415026818,134.26570582807545,9.508397633733578,1083.0885401070109,617.5578119564078,14,77.27618455222876
148.58824688538425,236.57916336735923,116.39428038287976,191.23473356658008,13.037878825761354,824.8812904658811,768.7024332856336,14,60.48063769010721
407.5036133495849,45.50246391982535,53.798680887019536,179.06905349279492,23.216389671904693,858.9212177115882,561.2949150196911,28,70.24990034941119
595.0269250521317,93.51662033866447,159.51182012743763,229.76642075615007,18.057702930453946,803.1366363087667,652.3415191876337,1,99.91495277725686
170.042007618262,74.54674194433973,62.07239178471475,132.7507355019518,26.77569869864538,1052.3687160916654,625.7814983498066,90,63.38180175786293
359.16482618186836,223.1838877718031,91.04402981636024,183.47134781283117,13.301400431375631,979.0693701641674,505.43721231371893,14,81.3633108745532
538.6865359639778,10.059730420733814,2.324107981620127,139.50632641021795,18.212687361562622,853.7099403609102,737.8274340718439,1,93.17806158500005
470.3843088771022,170.96690546139496,14.489377558911777,162.2078704957078,18.93922659275966,1183.173648422708,520.7137718943799,1,90.27314889450466
448.507870497634,228.73760572220715,78.49871128133697,215.85642006041394,17.750914869189767,1011.863889578248,642.2765062930861,180,106.98857459323722
451.2420419935546,263.02969102852484,95.9877669434247,181.88235681793964,21.07901319256549,896.7573176451557,668.203488481685,28,90.50193083274928
279.7455756098776,102.62452461477224,120.00410962386074,168.86547706895,7.123004051244188,1000.2414284618831,688.5279369843761,1,65.94784595827157
246.7959221322467,246.37719140160385,58.33251574186065,171.2819162141046,15.370913326373719,1071.848133094043,706.5894887923627,365,115.83609910551655
504.6805777392568,33.189521086562166,138.99637722530852,179.72807989277825,3.12674408425043,830.4956871894258,575.9817150568146,3,86.19049287447284
505.05669733959036,253.93568752035546,172.0244794378409,222.0521506988174,11.535339829344377,909.8815260191568,502.9936329975348,365,129.3794054940106
533.5361592900518,38.24659869959473,155.97019777866996,235.97100956223048,14.630012058637933,1122.7861963535975,717.0330987064735,3,92.40935051467767
556.6202762782357,119.18618716811018,7.923765069671429,244.19350924551068,19.566727786364176,983.8659481610645,660.6969798042736,7,76.62305435053068
355.6711994304689,239.1886097338661,96.1013894515658,222.29744021318837,28.515931577586105,1018.630856812918,750.8353109621746,28,82.51645316151337
350.75814734359983,44.97522820463213,20.986035683634974,161.00289644724165,18.019531996450677,973.1264008837877,746.4165088702083,180,98.92939204543747
499.1475894833876,68.77541856979245,48.40900317250549,209.45751179125048,22.307817485296795,817.5599770572021,752.997850336365,90,85.98597984888576
424.9819653888826,216.6757705179199,197.3325186534293,176.88840612720094,15.187981784856083,866.2999119280623,645.5283979938621,365,130.17103452180194
450.9834386288517,216.0109609638223,28.499108580302646,153.10718086598666,19.02312094128994,978.2166554967564,600.0885187510597,365,128.55408776911946
497.8963347180505,192.3442898655892,99.77763069027121,229.31330532536992,2.1279664840132027,883.6741861631712,737.467460777411,7,82.69470519075085
545.0026709087831,208.18453334013,123.63114686362383,124.99542536510225,7.631747425255409,819.9916114638715,635.3882339087764,3,101.77542111462753
268.99757842576787,162.81733300427885,140.4929941088208,237.22905897760506,10.855592796154161,1137.4598656207295,555.0326589210304,180,90.1576826890294
287.79147631997205,75.53971767208583,111.92973669738282,179.99207040121544,14.174800650195408,1192.4770116656464,756.4922058684423,7,76.13361260126258
146.9909699204345,103.70879805117583,1.9541694838367318,202.83619198507645,1.369462365071512,1117.2571495986958,764.7679630317042,28,66.49852303393789
389.14007049808697,54.4793150404277,65.29226164879837,205.71600988675175,4.20072292659953,1141.5139686818668,639.892926842051,180,82.27536579613364
117.97113689837104,272.5351684000885,103.54232867694229,236.36530629184972,8.304429233739173,896.7908521268182,522.7099181929362,28,57.13425369837118
332.79900906623004,175.01753842983615,17.57329982896667,202.76705868173696,29.14598072703152,1184.2507902052798,616.3478269750793,1,74.28018219338549
371.3223173537883,120.25542502909197,70.12538624183615,199.81136601880803,9.940410213091523,878.7702817813713,741.061297838781,14,79.12379812984986
243.2706260641422,138.6017410932398,6.640621758273313,128.6647652728897,14.461231743362475,1180.571924144733,770.5322085638686,1,73.3549988093036
395.4166302845054,284.1850018835446,15.715699431004149,187.39304285287653,5.882931382151789,1197.9277175863804,561.0418227492787,28,80.96018297965426
115.25012496952472,46.00542093482406,79.38465524031922,139.5219701062154,18.32340213227305,1084.6891222984195,520.0920836075815,365,86.82665914496593
118.67409437460721,175.86894960503918,26.54315080861207,215.86638993379313,8.420496465479228,1192.4574927167287,763.2051359398515,180,62.389462248246595
511.30028032982915,151.7666036653398,113.50816965231164,186.5888497056477,6.209777353152804,1027.8159118268416,616.8214816936626,3,95.35597777629414
280.0953207056315,183.43627063039435,137.89299382745315,208.42961129708593,15.497178853379372,903.8167132704361,662.528289280269,90,81.70189731068302
163.5302563259424,5.433055146252153,160.11733982181659,125.41747707830996,0.16517397481262464,974.7983542662483,790.4197436152276,3,64.53438904312905
361.1216300274022,261.63717268324547,40.03004884896202,131.02296208595442,0.22992097947675982,1037.4243741515143,519.9694183742669,180,101.19843394504288
484.9967765493054,279.6354847450837,33.49651645181395,213.1220404481487,6.572064273055734,829.232624810806,694.4954022356287,1,88.44847142690449
207.91051374842158,169.53995507676268,20.91356806688005,129.37096367982753,1.1016408750246343,1048.9373058468984,522.2316267724601,90,66.98879199308377
411.4452379095001,208.9952471630677,127.28604990872734,129.2633746094836,3.2407726239207415,1192.4711347049179,612.6406785399502,180,106.63469556573018
142.67373249688399,276.7498143531887,141.29514529738023,121.57410178053537,10.165819480162547,876.0430599134911,741.144363558034,28,69.29684817851971
125.84086058430384,212.17159029401958,6.3172289651284075,244.3451817789324,24.077570387394385,1117.0380465153532,630.0416698266903,365,92.57845526184906
365.677315784074,45.7617128742784,187.24244924873796,215.8760867296709,17.161459301079024,1163.1595175118478,799.1547061708851,3,92.8445021552685
370.31756080505323,172.88650805004394,10.394256730294483,165.92268310526833,15.380031778692492,1177.4806371280883,667.7177854839806,28,81.39646528696609
418.71495074910325,182.01451391485676,108.25926706021409,158.5496255673952,8.804664696243648,1184.054241762179,596.348645790786,90,98.4288903039588
463.0456668613308,127.2392013907158,141.8121038901833,165.46141986696045,27.952611582984492,1008.5838554885888,566.0333977714259,90,96.57658992316749
587.9260397312673,220.93327068741684,174.19382474921713,220.70495905355364,11.91045123711575,1190.9231631966015,605.1561602858485,3,114.89546106192635
358.15017415059765,280.3101044307044,142.81738642648557,205.97817943915388,2.6127830038731448,1102.9240828537754,611.7599821278652,28,90.41040717146166
261.47823647062296,277.6705538720329,160.34561661395836,144.07542382277083,18.511995483534037,864.6685744947847,520.6141033171883,7,86.74979146625626
497.59309738435184,135.25181142123964,67.89003850856122,142.63421359343096,3.415151804298042,990.760042587188,610.8722598280319,28,87.09624953916762
235.41612563103712,33.971413752226574,162.96502274930245,132.79143446274165,10.356694284050763,1087.3324701488016,639.2715559217675,90,76.130515528495
319.48571035281805,295.45235968870037,16.02296927693503,205.83935356117394,15.222358161534267,898.9361263276334,716.8213256716414,28,77.86071212584498
139.22819067113298,251.66942593378025,178.96333121210552,219.3684460888257,26.226675740555272,1056.246073419555,697.0188454164823,365,108.49751752916912
112.67537170772876,37.39880436098005,109.51847523074724,154.45603568225053,14.80639741020356,1066.6401916186478,712.6296965687463,180,71.04192382413204
581.3242073389625,276.2525647852117,163.45955399249874,122.72284493401867,21.06776298094993,865.0798975234263,502.5091045630571,1,105.89500838919199
517.9900602561029,260.96890861863847,90.46365690366002,130.68231677193555,29.78450516997211,1026.0341249811024,565.3002198741608,365,145.06894987250269
447.987103046849,155.65141713782162,128.71553903930499,245.82180452985398,3.944673596939449,1108.650764391443,698.5052865199569,7,90.14840994748238
304.476472207135,177.38263072347877,105.28053218722265,158.40782107206462,8.241945765585585,999.5582658143768,645.1968104539242,14,71.8278786044316
186.64716003542287,119.70081116103908,146.31790435106637,219.99900921895738,11.837282267929393,804.841246710443,501.5940427005038,180,75.58140580298964
178.21852133554302,16.4284916466094,16.325996406117916,201.2062639510543,12.654845356164941,803.6153876317169,741.3483927295467,1,50.48431749996542
225.12144908229766,100.55917249377028,12.07041679811276,169.65215315487646,12.330632257966373,942.8117375880049,731.8428719871013,14,60.161990305601435
374.61333235306023,240.85603457940343,49.42064680202929,146.73934408542218,27.228330076696647,1170.4776273727127,664.5257488980687,3,90.71341305520028
457.2979613500312,1.3896069013808576,31.90893602263767,135.78023436072283,21.420979334005693,891.4707118414435,519.9389977328816,14,79.05255214399497
430.0986883588656,100.04975150734326,174.35671331844034,199.95168584505268,18.237156422721114,1053.745475548675,729.9545148597754,180,104.53365236597003
239.9669484729714,119.450608077283,43.84279747160886,220.70239148291245,9.281181535883462,888.8303482773282,675.1140763194092,28,58.218452713666856
577.432640331597,161.21868088137686,195.17305116382627,203.707552960347,24.71371152663884,928.6679958638194,734.5879931473878,180,115.96153171584852
468.94845834788424,275.95668492382816,67.37915835422137,188.93927732239058,28.651815344549668,1139.2168358405936,725.5240977187522,365,141.45677992478318
377.17702625570035,103.90379830978837,36.423583137739854,125.45365904611272,24.635948476506798,1091.5445769079788,740.9006215873511,14,78.00388440588439
405.8603731171761,104.0859605688683,157.93970142849582,245.9035410872699,0.046953155744187125,838.1597109252842,655.4024199213875,90,90.1255877426153
309.80003121389495,221.2503744329245,131.74155510017522,223.8328449150947,19.09204110550221,971.4808083945734,542.0973554580545,1,71.31814768974169
223.86549475057873,135.66538226694215,99.6391432906278,158.0668647711254,1.5340614432630217,811.6679054581058,701.3472420139066,1,60.12146218563493
277.98633932563075,67.38144688199459,111.07271018752624,247.39614281665058,7.728216610011655,992.3560586412036,686.1421355155912,14,59.38946359432921
478.92305523218454,135.73185483980802,143.84035565445276,198.24460665272187,1.7857410104331506,1064.9736046804273,722.6759561597262,1,90.88485923967939
107.19674431487793,42.257106113939955,45.690948266259745,195.71494556694205,18.11386358848163,847.4010494392606,550.9643018152206,90,53.56607995714595
158.03632025345811,52.91609595186699,199.26678321134838,217.2495133258392,20.597697404778202,915.5539755636663,558.4925599700867,180,59.76450309032258
123.00132101087638,149.51033182184392,194.9586324293566,225.5300724517179,3.4346291419771537,959.1346502008628,767.1228551657986,1,64.74847858392495
120.36440115948507,125.67763485136437,130.06513726938738,205.34221895309534,11.515166491349385,1167.8124098624198,724.9933395356212,14,61.49670303822167
527.7302920055035,274.45377032043,39.908490185829024,136.652447027606,13.68709526866626,1197.3020061691857,772.4685466100968,7,102.87952360350522
451.8289296900118,108.71816973498993,136.04564848625827,163.97477577928478,11.071590652827497,817.9645195982464,727.6145963491763,7,82.74949923520552
337.0869145436626,174.17650508341305,14.439681795835169,240.65087324238647,3.630750014555791,1104.403169398157,679.1465917970905,3,76.04680085568249
148.91708032550073,189.6792863758591,6.130500441161213,149.20002953970075,12.568433705624262,948.6896265609373,696.2398211083621,365,87.01594452492904
345.80793755841614,3.928336976500091,51.53657770224274,168.38171309887673,22.535341434252544,956.983274491792,766.738377182003,1,65.89636653508012
336.7358853902829,199.06121160501317,92.52459134786326,176.16999478274548,2.130229935997664,1101.705989338809,673.6420263535822,365,120.86577020741656
186.60093495500757,53.41079006092543,173.6545010816761,177.1226486602788,2.4054004224571033,1167.3705728581635,689.7173972985163,180,83.5294140234818
316.92582461898655,288.32109524083654,145.4338139532616,199.68214572428832,10.643138755079526,1180.3714378010193,546.9430148010802,14,79.16915161111244
299.2523671986867,44.598818325933884,148.5413042399962,242.599858906812,28.25177134856775,1030.8490344153283,642.1763660348308,1,69.86083103650827
407.92504902610824,124.38723711810712,85.09866688961507,151.29005253822564,20.05717940168742,942.8484637202012,714.9191335874297,28,82.8527849818942
417.5468254338219,25.604900423593158,69.18699850939258,135.79517891911934,20.360098700176945,1115.0196343435118,581.2828094949097,90,95.32940685055571
122.65200488602225,299.0622755537842,74.20775259692054,145.67116368179185,10.857599725135948,900.4005533049201,560.6762541573605,1,63.1658373137446
287.3063073132356,150.65850309937278,197.52991274721157,235.30023702720504,17.809823736256153,1025.6296115334071,594.1480424673247,1,75.92566006246943
412.9299578571182,178.61550519601315,8.021838282496496,203.95540564517677,0.30393552083230135,943.4313846099493,572.4501883978501,365,108.88009302820912
351.5681292900439,20.122943216528245,173.40629922448971,157.1678826010908,19.082881392286268,1062.6524294831504,564.4737911109188,365,123.03774965324251
528.2449205941612,224.98814111975335,115.73508171447868,226.07310206592024,27.3986084272871,896.1595651574028,627.4552528604261,7,97.01450888150305
429.3468158094725,62.97167792867573,87.7230838379181,231.97809952724668,18.377204050344574,876.6371782939303,772.3515541650602,90,81.13499375765088
181.46721354071485,269.4162868322141,145.0515320830273,230.04686402973613,26.21095780399035,1167.2956346701749,652.1178940216155,14,75.16640445812678
135.28437370021493,61.54189214460215,97.33378828494057,239.46044937314207,21.719191663982816,840.7214731798148,556.3761142445969,1,52.64184767876242
421.2096391031578,57.20631619909997,174.68464761633211,152.791332622537,3.6167524921107077,1002.3831630939726,523.0915008142622,7,77.07585976241127
113.2556552708109,10.964900354428464,180.1403728022517,218.15545073701617,27.07359921857525,888.3411131852035,708.8468435413776,365,86.17083416218937
392.88779063673167,141.6200835329998,84.34418537469108,179.8701346456382,1.9933153306732465,815.571985330267,614.8396293309163,3,75.42178728807522
570.1151207124788,169.45233997878492,55.36555944701031,229.459811875708,16.019024176432914,814.4075273165705,746.5492839756078,90,101.62184293727874
387.73708893793946,19.71259182850571,118.47006571867244,214.7037880310097,4.26411371380373,870.0887088423309,697.8532305922311,7,65.85461597853326
294.084963103261,232.65828500850319,182.4726691233382,220.9381680449642,0.35119832192712197,1146.7081418024002,738.8724351624105,7,87.6193087922459
421.64410922117656,135.98665042440828,42.132437801133314,205.30103889853928,12.661027803829171,912.9914975908107,581.5838118255347,180,103.32868445496865
329.1264452457583,157.31708079827402,124.59331671269655,143.0657400310619,8.851221229624688,1180.1836682301182,707.7076767383174,7,86.34057673968971
372.8083946579675,132.22882408146845,126.31204401850411,190.85349945660198,14.580014813928091,1032.6489171956773,579.2185954081157,180,91.89104151489994
570.7324043882626,120.2289182625978,146.6226044830562,248.00706613818608,17.315996602036524,974.6456759075064,781.7205438350875,1,92.27062990305788
293.0513189003871,167.89209939246535,26.31353702545196,241.86044864462548,1.3121721692684207,1032.0355338677819,690.9122844600123,1,63.213242110989185
580.595281911957,46.57207377921375,143.16499293641772,125.61258565361152,3.690098853712369,1006.6793540905071,597.3535400526026,365,141.1722743041287
552.6753209780319,54.57843914858134,181.8065041331282,141.42592604482684,16.75927189351276,1103.51050150293,580.8535586876818,3,104.9323451628336
197.89556739464822,258.53568630405516,35.93662177404839,137.12474054909305,10.295020595179746,912.998426389141,557.2779755214931,28,64.08721804279283
134.68065043758273,283.8346386400898,47.50866498477553,214.37738829808842,21.87520462648344,941.220156640121,708.3922876681183,28,58.1400668900461
150.38900068871334,111.99279488392588,194.27901880832792,226.31209288140286,19.56874945775819,1157.6377210133003,565.6146838993782,28,57.507230364346896
109.11091282577486,81.22340194306614,36.19539054189795,147.75647762038736,25.368130889697206,1178.5826052601622,678.5909797782467,365,95.36218481614716
147.2214803779642,193.19986297170473,170.8770186739158,185.76085008373775,20.77478480007676,1157.0232909945898,579.3905080776073,180,88.72866061602005
441.5033867081784,122.62025132942892,98.45557128960695,229.291393641456,12.897932321704443,967.7791975829255,698.5906834381606,365,110.49417172193586
135.5943242301145,7.615906698103458,49.44621488063541,215.2642008196126,20.188998671832973,1112.1462012027528,744.4819185621618,90,65.74470294018201
259.4878151468806,46.845779209857106,174.14998025450228,190.49083671394027,8.261435227662556,990.5342933204395,733.407572943396,90,80.57785836059404
522.4376554847272,214.79166865421925,89.0610510005331,196.74519975964046,9.18940496334638,999.0159408584409,728.2553992792346,3,104.44184158439387
111.63596786791294,197.6771825730454,102.96347078593804,186.0868710991164,23.6695547976238,881.8720436229136,556.3167217076756,90,54.71816392331764
507.2342412944679,8.128797751045047,71.84667387995314,158.68129867144668,13.392585492047465,1036.4521213034066,526.5154840953556,28,78.63853056514112
240.92738738669996,66.59164857988483,118.59017028698548,193.4528590716721,23.951410215550574,874.4543591013392,709.6846485462156,28,65.87246649470634
159.08241381082814,69.32243897642142,32.70477451700455,209.5550892665118,24.672671210048353,932.6258796268776,610.5041641383054,365,85.81538929794563
448.3685826820753,201.56782307961853,78.21630733035214,233.53197906190502,25.726870129838513,1142.012080647974,629.7038679210042,7,98.26636840155284
414.471423389942,5.913161326309247,193.8824644670575,202.71787601730225,27.49905707523622,882.8303236843421,509.3447278380173,90,90.06429712956977
538.7360067635265,31.232574595372153,51.626686540225506,218.94579981561054,12.929556615398887,828.4633140693732,577.8729347825148,365,113.31139274257072
467.5355219019429,239.97482561195682,131.34733290825844,140.8093125440945,9.566004549634165,827.6030370451265,510.1029211623392,1,85.41836501821275
501.74046519242427,53.563398616300084,65.03801284493898,180.0024716745727,17.465962397823414,1176.313808201243,763.7557317803743,1,99.18682307583387
241.01728628565326,195.82383235556242,154.69462513732012,121.21311057752213,11.135172703128827,1002.7681751847339,573.0190049655591,7,70.37393622428775
188.71977188986142,71.45483431401796,26.174732143669964,152.068252387811,18.03222500400699,963.7648287268073,667.2011508719024,7,63.85160883907529
475.3073758204292,29.832417827803546,193.96420901570895,214.44002296469063,21.16757587931474,1124.3514324031673,511.6937961983391,7,86.7940857292014
503.417369633632,72.95165729983623,90.75790827672785,248.93529367541726,20.652150554764106,1134.3303711642063,700.0542173916974,365,132.6991243327697
595.2525710003367,216.68007955669773,47.21009266929279,132.89315294633806,11.236586610603641,932.8764132462418,596.9082037262282,1,105.33926347814081
306.30883845571327,256.7089404318857,14.69934946600253,172.19426106196747,5.005806050962585,1077.4472229895182,769.3757560872998,28,78.46614535021797
286.0090428963916,249.0659593700975,33.95158101750815,224.00922593089075,12.915880153866226,1108.4491263407547,766.4354566802108,7,71.35831525376237
488.2064803709984,119.15505888553645,103.95478971120353,146.52463250175686,4.277824322457262,1061.860274746382,597.5871855085243,3,88.94911219896478
270.40177012650895,200.42554097119384,67.40063528625726,192.1610434092972,26.70291105551425,860.6380299200398,770.2882687071403,180,92.21018939109888
565.3786628017824,61.495288624746294,165.77667317652188,215.29926848385773,10.376323822135722,1150.3532334068227,798.8473020496336,365,139.92658733020468
529.2063759215059,87.94431907830398,86.17750473236119,200.07810853382327,4.6337924166997135,1015.6378210944035,747.6246992371844,7,88.74322903662524
314.49701368750914,268.90074555633595,49.742854517525984,144.4432155000041,0.7634327971725263,912.9889705480015,753.4614043265688,180,95.00943227139764
475.4355338957487,3.9005770532208106,123.428997320806,166.19999392914613,19.374671588594527,970.0912741750776,574.702620832727,14,85.39333611515866
477.2714370423412,25.652559256340425,141.35544337708916,221.89293198310162,19.1070695236423,815.028436159563,673.010719657327,7,71.52185189036472
151.5619344179663,62.3658765438082,33.408381580189975,192.04944683716218,10.21812499743875,851.146720488967,520.1767741902104,1,42.31182144154427
551.2764533397833,7.959661162145915,33.52384325766353,120.67984976057866,2.15135666542953,1106.2187002063442,528.475381046501,90,90.72821008429956
352.6261862239286,54.4306305269392,7.334285386708594,218.9287988036522,12.28886684685696,800.0046539021464,799.6677836099872,7,58.36448416120246
513.2287330538709,174.91246829090764,147.2804030131281,124.59047614223108,9.336524851901807,966.6263313929169,597.9917748277733,365,127.61374994699132
260.02480051530586,126.42736517774938,132.76090552436102,216.94539175506017,20.313619192050282,1009.0040724342354,724.4551736146539,90,70.26847836291344
547.7616142481002,267.8015133230925,94.92617514996277,146.32247282148086,18.173377483580712,821.8537680003889,741.9995159080449,14,100.0597703441474
294.60083936708156,245.23306852153226,168.83408979383944,244.54955241551943,10.9378118459262,1189.231265188933,757.4069813021688,3,79.42545177898849
105.41882574014917,102.54520550936279,161.13403059001064,167.832297669271,6.536776627649703,890.4501324998688,799.288489220647,90,75.38324951702168
552.6909882096318,77.82703002938774,117.07087287935043,162.5011101239503,29.641078984667757,921.6794878545123,572.4489455770604,180,111.26119815593066
145.64333839306678,113.90772245018007,173.65425610265171,139.3554465432178,13.620048635883446,921.5770049020109,512.1052480579099,28,61.47453996383824
259.6568187952074,177.0884827544423,41.16824200735365,159.72854801372793,20.64822707340711,892.16666484694,623.3574553983758,7,68.29970842276252
575.0309835254025,80.41909224686287,22.383923879545577,233.96459903766606,4.216589027350823,800.5895288345246,539.0242009486841,14,79.45492005513873
575.303573468778,187.2446723547402,53.949922303397926,249.52346389154215,14.567690989781934,1091.7379176351985,506.72776674861655,14,91.67012066401819
386.71894406164307,122.82349565737213,11.417371217862971,167.88023896589027,0.8261015960839646,1186.7381999197141,608.1280481424458,90,77.34922300090032
415.91860608489964,165.61415425559406,106.2339056002064,178.31938202409054,15.163653537313499,889.7173933140181,735.1214753225709,3,93.4787517261731
324.2227609891599,130.837958740595,187.3211384589923,213.8692219663558,28.920522213531072,1065.218876721369,669.8542073675212,1,91.2872073871154
246.60538584903227,88.3397278625753,7.868708133701929,235.2054514604597,11.526201389574007,1096.758530783486,593.8333967631062,7,45.15401775641864
264.33227268495796,284.535992088647,24.42198280200536,197.09576344428194,1.1698803772473476,1139.3701516362098,696.3026016478159,14,66.79221879670222
436.2592280385192,229.08173824792826,90.43980565668706,170.8983407631178,0.9286737275803059,969.0516788054437,569.6054540926432,3,83.29480908368619
476.18726471884,42.03395272993576,186.77500350558097,173.6408393103211,11.639602798406084,921.1723622561717,504.3144338216255,28,82.76151905384823
495.7895218629243,260.54039276937385,63.2312209953501,210.4303590445849,4.800748093895821,930.1180536092124,729.3060159309282,14,95.56924750703944
494.80907139727697,146.2293594748541,101.44696173767849,120.41837426855624,0.7005628898455774,1085.048533239405,687.1229254592027,3,93.37360248812364
145.60305152434518,268.3656680682274,8.31457181007842,200.5466138697793,22.686408418505305,1126.7117866022545,728.690787350288,365,108.77440084825683
347.21015235129073,239.95657678419457,29.668640192417772,166.21409135737645,13.755690266456721,872.645587102641,511.68140500629966,1,77.10575649646907
128.77938000832214,127.56405134077004,197.32602459176937,223.24565306602096,8.677343159179635,948.3764032631061,751.1358883491956,1,59.609253544747894
374.76444116186775,6.740792496035219,193.0237392872091,132.08878317700717,27.00249549049442,1160.77607869966,685.857860010891,14,96.48473062595009
320.76525068668855,80.60320781548383,0.9879961868819231,196.46629470329077,3.4841688060157683,1122.6774078778958,669.0186052137921,180,87.20898381322289
543.8520913791499,162.49026439826008,190.36235708464778,182.5264756851961,28.677564868659577,1193.9433611049903,687.3842144343595,14,110.04913848750893
275.45750627603934,190.04346594784417,127.82398756310008,203.50231836767955,9.419001521320585,1101.6993038728324,759.3299740605092,90,81.332016965825
158.53350821380292,77.36630562996069,173.58365890400444,128.43096728278587,26.652110169260435,957.278080411169,676.0809519676721,7,67.44717235948964
171.49584102641793,41.80682222184724,90.94797112677182,195.39789236565707,18.088286294383845,1036.255133597855,674.2851139664538,3,59.15394577567282
480.75531585873614,250.47907103978974,103.11920571585004,192.99299643473807,24.801220792244624,1064.4057016989282,797.2037471197298,14,104.63816242248004
409.1090316581305,295.32065421106563,97.76931605138404,192.88581227410222,29.520394896313928,831.3823265268496,727.0190501205705,7,84.24723762049695
150.56133806139513,157.70705469080576,133.37285150922088,198.45339665753914,8.652163134562372,1017.798783641546,632.6881416353406,90,62.454244742771536
142.0534030574987,51.50378575449105,27.93025095126258,207.9408318394271,28.834064562227788,1083.728331389044,712.2191000098783,365,87.03846883545953
450.48456572956,81.69219795581068,5.9947179745355905,224.64856995850005,11.68445684707261,866.9285216004241,616.7691415075366,365,105.88101915730398
136.38150318209676,5.51720296424002,61.58598831823818,155.07669361666785,11.56535714210767,1112.2526869702228,568.6626387450497,7,57.999609373491445
510.9300296451781,274.2896419681497,140.93615254732933,227.25642332340806,10.211613127635172,1033.5091122056447,679.0555630663279,14,94.04673392500048
453.1211135782481,35.32532486704234,40.370690424589675,184.77323869424896,16.242228220427556,1180.888714279038,778.4546294341854,1,87.9702718572295
140.6743903209499,172.95494265427607,134.68648666498348,130.01757628746304,4.624351295354613,816.9689192827567,778.7418560046387,3,70.11390399486724
142.41885704259596,82.2165662061618,193.98240922145408,127.6116208017173,16.611344560740335,906.1304550221868,602.5715834316471,3,72.90182723858729
593.3197892505877,166.253400754738,18.78014315788368,163.4509814304879,16.25114437230012,1040.6215517199296,658.3032398665085,365,134.17295045834257
287.1353978780602,195.42611650555926,134.52042364502526,222.03660702449076,22.8570543781461,918.6239648823723,563.4907695709584,365,108.94410723028292
285.32107353344543,248.9225411121605,88.75004386091423,211.99852151631904,25.009498858127568,1085.769665628497,798.6893328496651,1,83.85763061358966
506.39978362875127,61.92638152818096,173.62845087550107,222.51994540741282,13.21324050937272,1103.6021130087724,794.3353723603807,180,115.61085355860409
573.6242886919293,3.2987485975441433,35.42995788947718,187.2449773374092,9.069997480544812,841.0063856265898,694.8526789122342,14,85.41334673415207
593.0005319114355,41.06568902064218,138.5251904452329,177.22586973421377,7.780046919512834,1005.5417856827071,741.324217903242,365,139.45847997675904
476.6890926294708,270.00559255443153,167.62305792962204,139.1688284718169,5.838715101146158,1003.5562222364224,714.53004838511,365,128.2828351584094
288.12979276545786,262.1670232687546,188.92284389480466,162.6650579692105,1.7294274659707465,947.7123080862165,677.9474657118404,365,121.68162795166985
141.7503583493344,179.2239306510925,136.64960565792916,176.4225176026038,10.2734393650414,1173.1699450278688,516.0043990966693,3,60.517011620110374
488.5734579637184,180.15505813009602,99.43495280168545,131.51805585835024,8.107430763923498,1131.0025279492884,636.4293027657983,14,97.9261422411797
379.2021248679025,199.51100236387666,123.56944804024278,148.67955385245747,28.99252157599222,1078.8837527638548,702.4358906502232,90,112.33482672818451
312.11100462348816,52.61138358703488,173.78099689574364,197.76928822828603,16.731264787501317,1085.7306542939991,703.2594841651054,14,74.3687768405204
553.177192547368,274.32358377748795,114.12194932776593,215.63620485109467,10.418311170915226,984.6864575252476,611.9367855267151,7,98.59165351363156
155.59874115307568,125.63115746762193,6.077411939367372,249.78517648108345,17.41402802981088,1168.3978084386304,782.5075959974092,1,62.66779287163844
346.31255214542955,114.94155847484923,186.18973910139556,241.3047330746625,4.175901040370865,1077.8381709013142,550.2071096710343,180,86.84508662139231
105.67682238370953,155.67531158485127,137.90535020631222,203.53347593957488,13.321312476066087,1091.5924246623265,650.1078338646682,365,89.47091384660648
334.33032099706315,14.089790032516515,135.30267715544932,174.76224692822936,18.787029642631914,1144.676361514938,707.2651929652468,365,113.26149107858355
128.15163784091868,49.88501062682382,43.13503047954343,202.70305741207025,14.666934953773541,909.6286357368764,709.1407417675427,14,50.11647622520175
159.40895813403597,221.41008492791113,131.77709404653143,222.13471035043017,12.053364019629727,1122.8283615466812,694.5916870306446,180,83.20902299756742
158.76312338855246,24.83960037753794,78.77288113083169,135.38370482004035,29.815451666990946,878.0962411825968,582.586464035558,365,82.8411799936427
424.60515105803177,180.94563283991647,130.24659540829842,173.28763566051748,26.40944286446781,938.1367808979551,546.8619706059866,180,102.5516880669348
473.02243963271167,73.60473290439629,21.318606061598146,229.17429713263024,18.702178744783204,934.2441817079371,690.7820980480133,90,83.25284942068716
391.68438254857983,116.78868421259297,131.5690609206072,169.8982837512957,17.081320835468482,1191.4101873556563,679.7906348418313,28,90.67792576317301
581.086274237271,86.60812103120996,199.88274515413332,194.34339525953425,18.61981439473752,1142.6148894991707,553.8068030867723,1,106.30303706999743
287.435289761852,106.70181493948473,9.642407772111206,196.41001691208578,6.039363234672997,1080.4679446361038,711.541743671169,180,83.29529954347197
242.85604314093035,215.71377155527364,195.43483684426346,143.9819129073731,11.854132297929558,1090.8227046461561,636.551597520097,3,71.93694814623524
534.2995640947302,89.13651468695251,81.38159214457413,167.0906074147975,1.1837859867269795,1024.8291177610286,700.3281774809459,7,97.97913481555565
211.7979192597263,169.92139208906914,174.15069006745182,163.4864675364512,14.2663811246048,1178.8362668434077,751.2101239310452,3,79.31664194193522
581.6112697203057,142.8151206597299,156.4770968116547,123.40557210916842,16.290737518729895,998.5035011529446,550.918528573077,365,149.56126763506612
106.07723734490817,199.10134960879444,113.40325219733356,123.14492930587618,6.832492083096287,952.2070839479578,505.743460399051,90,65.4533600682771
584.9394133538195,281.0489217974274,147.6898418502653,228.12061567785054,28.920865414965412,865.2141347726364,733.7307759187361,90,124.24202094523055
121.57995597528806,219.7716291630751,175.7031122602696,155.49920529646562,27.28363832811726,1114.4822609044231,682.9092275457848,3,73.87223475752029
545.5715568490355,64.48211357722703,80.8280643302066,187.350239611046,21.664297063677175,1093.7775728302365,709.8918708866365,1,102.78750247494868
363.85055454314994,9.354940518385401,65.40663231264774,158.8343245665405,16.001598862960876,953.742015409654,751.4464924965928,3,76.45432881256829
596.4823980596502,78.67921328994753,133.51867711271694,242.28830186499425,26.09907478943055,810.0773655836917,740.8432804473501,14,98.10252816991898
136.89828236769944,178.52337921007646,161.56918838825172,153.70857865255059,3.919570314703887,1135.5989310872042,788.2760440786474,365,116.63550170152604
376.9271422006604,15.427744045275105,152.45702695532316,175.85538565606157,23.71529382824655,804.5671933816294,660.7805236556355,365,116.67066641106793
584.6512678095495,148.9098741603709,159.5627297717269,233.45493256299824,3.744624419005449,1081.4799118516203,646.5486897979716,3,103.34732288774921
361.5489220850744,179.05285467506675,87.1166629625866,229.45136368293512,23.826319876482163,1188.1028438904227,620.566159967219,7,74.31237582443681
414.6993190676313,100.27316724508825,163.5668432350043,144.19318432001606,8.273027047540708,975.0645312592814,546.1073128532614,7,78.19539188284048
447.8743444923086,231.27366112374656,24.04181107412169,224.34363027344236,26.312717430545668,893.9893619983811,671.7821698646067,365,121.34592709145555
327.2705323838866,31.97947594013154,108.89781959216991,179.56429527592604,28.321262814761933,1081.9484040173527,583.1037572977937,28,75.9076701358475
413.77904004203174,22.54133452074263,1.151732099624314,182.78595337109618,4.463879082153469,1126.851256806234,776.3922536638927,7,72.31367144495688
392.15715596155013,218.456626861081,64.91716598005407,137.3523964140727,13.880268151961806,1018.5721264311389,674.9572412831293,3,88.09568374025636
550.5790052454945,148.64739486185954,73.29230697427957,130.4781967884262,29.42962134488055,1186.8141101024585,677.8520541524331,7,115.78337874858416
122.72319017072894,206.5207189283208,79.23453832185108,214.63210990658948,14.502223079194398,820.6674886631845,606.477398263103,365,88.4593325632385
240.48159479611516,130.44820158112387,139.09344133797242,184.539949806189,25.906425675436353,1001.9182393218113,515.5968055933123,1,60.626426008389835
575.2057420382794,73.92060997173205,77.71162025406915,176.79059133997333,17.661945663939594,1087.38157892902,509.5231296118966,180,110.52134127701203
545.1318919454582,245.7306953022599,89.73872452450613,214.83606972481158,11.259897237588056,1145.0561884596716,627.0005432459593,7,96.53283620821634
327.82837639285646,239.82476369069377,47.50882617486549,219.51667686884429,8.573506665776106,871.702244763116,525.3696134291714,14,64.90969455580326
410.06629890076834,208.40894125632803,74.65035832586801,140.65806179701596,6.096692732582618,1120.0013927054724,682.0540866620418,1,87.51286776428172
238.69059149056633,81.6435411689888,45.453925452630294,199.32926943209338,22.853945741330918,1021.0828302874181,764.2919016918972,28,63.519644326374156
194.06057986188065,177.06920006072613,14.639184753688728,137.59603069609912,11.596215204690836,958.6214727959853,764.8744449556166,14,57.838807451954054
331.84920246999104,108.29216908200804,120.68971867627558,217.67876118377592,15.338263866022535,852.6860114316374,697.7136230396698,3,70.34801639917313
276.67611401302645,27.474621997990244,133.64255971100326,205.40417031472813,14.769764400035458,1146.118303563565,563.3695494418793,180,79.93835530609235
391.82805592543605,275.1940726386728,123.8980692019229,244.35990074084953,17.31837087699394,862.9092832718861,758.8990494076616,3,71.20816988239889
138.8673184824924,41.04558927568842,92.69880876011447,128.96454212633475,25.967314368736567,923.9151436836397,765.8280305939625,180,87.02223134288218
587.1974038330832,285.07120614624074,75.95715603584597,127.41711374966306,29.42218030750288,916.0182127849747,558.9960754858876,180,132.5154633660166
593.1053722398015,133.80173188738672,172.66672991436505,156.68431971011603,12.227526257214508,1148.5656136763419,721.2278257312032,3,111.02469800782659
